555555551,Badam,BAdamowy
555555552,Cadam,CAdamowy
555555553,Dadam,DAdamowy
555555554,Eadam,EAdamowy
555555555,Fadam,FAdamowy
555555556,Gadam,GAdamowy
555555557,Hadam,HAdamowy
555555558,Iadam,IAdamowy
555555559,Jadam,JAdamowy
5555555510,Kadam,KAdamowy
5555555511,Ladam,LAdamowy
5555555512,Madam,MAdamowy
5555555513,Nadam,NAdamowy
5555555514,Oadam,OAdamowy
5555555515,Padam,PAdamowy
5555555516,Qadam,QAdamowy
5555555517,Radam,RAdamowy
5555555518,Sadam,SAdamowy
5555555519,Tadam,TAdamowy
5555555520,Uadam,UAdamowy
5555555521,Vadam,VAdamowy
5555555522,Wadam,WAdamowy
5555555523,Xadam,XAdamowy
5555555524,Yadam,YAdamowy
5555555525,Zadam,ZAdamowy
5555555526,[adam,[Adamowy
5555555527,\adam,\Adamowy
5555555528,]adam,]Adamowy
5555555529,^adam,^Adamowy
5555555530,_adam,_Adamowy
5555555531,`adam,`Adamowy
5555555532,aadam,aAdamowy
5555555533,badam,bAdamowy
5555555534,cadam,cAdamowy
5555555535,dadam,dAdamowy
5555555536,eadam,eAdamowy
5555555537,fadam,fAdamowy
5555555538,gadam,gAdamowy
5555555539,hadam,hAdamowy
5555555540,iadam,iAdamowy
5555555541,jadam,jAdamowy
5555555542,kadam,kAdamowy
5555555543,ladam,lAdamowy
5555555544,madam,mAdamowy
5555555545,nadam,nAdamowy
5555555546,oadam,oAdamowy
5555555547,padam,pAdamowy
5555555548,qadam,qAdamowy
5555555549,radam,rAdamowy
5555555550,sadam,sAdamowy
5555555551,tadam,tAdamowy
5555555552,uadam,uAdamowy
5555555553,vadam,vAdamowy
5555555554,wadam,wAdamowy
5555555555,xadam,xAdamowy
5555555556,yadam,yAdamowy
5555555557,zadam,zAdamowy
5555555558,{adam,{Adamowy
5555555559,|adam,|Adamowy
5555555560,}adam,}Adamowy
5555555561,~adam,~Adamowy
5555555562,adam,Adamowy
5555555563,adam,Adamowy
5555555564,adam,Adamowy
5555555565,adam,Adamowy
5555555566,adam,Adamowy
5555555567,adam,Adamowy
5555555569,adam,Adamowy
5555555570,adam,Adamowy
5555555571,adam,Adamowy
5555555572,adam,Adamowy
5555555573,adam,Adamowy
5555555574,adam,Adamowy
5555555575,adam,Adamowy
5555555576,adam,Adamowy
5555555577,adam,Adamowy
5555555578,adam,Adamowy
5555555579,adam,Adamowy
5555555580,adam,Adamowy
5555555581,adam,Adamowy
5555555582,adam,Adamowy
5555555583,adam,Adamowy
5555555584,adam,Adamowy
5555555585,adam,Adamowy
5555555586,adam,Adamowy
5555555587,adam,Adamowy
5555555588,adam,Adamowy
5555555589,adam,Adamowy
5555555590,adam,Adamowy
5555555591,adam,Adamowy
5555555592,adam,Adamowy
5555555593,adam,Adamowy
5555555594,adam,Adamowy
5555555595, adam, Adamowy
5555555596,¡adam,¡Adamowy
5555555597,¢adam,¢Adamowy
5555555598,£adam,£Adamowy
5555555599,¤adam,¤Adamowy